"壹点问法|前女友以我名义买房,分手后她不还房贷,我该怎么办?",https://baijiahao.baidu.com/s?id=1670818352443765624
"还剩最后俩月,你的房贷利率转换了吗?",https://baijiahao.baidu.com/s?id=1670735252501309583
黑猫投诉:租房贷青客未如期归还华瑞房贷导致个人征信失信,"https://news.sina.cn/2020-06-29/detail-iirczymk9562264.d.html?vt=4"""
"官方回应银行将获券商牌照,网友热议:看来未来靠房贷得日子快活不...","https://voice.hupu.com/other/2598036.html"""
"忽悠房贷继续降息的“专家们”打脸,央行连续两月给出实际答案",https://baijiahao.baidu.com/s?id=1670838967541932830
"央行新规还剩最后两个月,30年房贷这么还,能省好几万",https://baijiahao.baidu.com/s?id=1670820302946735191
"如果人去坐牢了,不能还房贷,房子最后会怎么处理?看完你就知道了","https://3g.163.com/news/article/FG9IR363054454N5.html"""
比房贷还低湖南银行业消费贷“价格战”兴起,"http://money.rednet.cn/content/2020/06/29/7581848.html"""
"多家银行“变脸”,“求”客户去贷款,利率比房贷低你“贷”吗",https://baijiahao.baidu.com/s?id=1670388553279863490
郑州迎来“大四环”快时代/多地房贷利率稳中微降/豫V号牌要来了,"https://3g.163.com/news/article/FG9H6P36051593M2.html"""
"克而瑞证券:房贷利率下行,土地成交缩量",https://baijiahao.baidu.com/s?id=1670816696307334908
"银行职员教你还房贷,不仅省钱,而且没有压力,你学会了吗?",https://baijiahao.baidu.com/s?id=1670704480594417233
公积金还房贷怎么还款?还贷的时候有什么要求吗,"http://www.ddsb.cn/news/20200629/23301192946.html"""
民生银行怎么样?房贷利息高不高?,"http://www.cnbzol.com/finance/yaowen/2020/0629/202805.html"""
"在还房贷的房子再做贷款,需要满足4个条件",https://baijiahao.baidu.com/s?id=1670822499661607256
2020年7月全国哪个银行定期存款利率高?房贷利率最低?,"http://www.cnbzol.com/finance/bank/2020/0629/202802.html"""
"银行员工:还房贷可别做这3件傻事,无论房价涨跌,白白送银行钱",https://baijiahao.baidu.com/s?id=1670794062935613879
2020年7月工商银行存款利率是多少?房贷LPR利率是多少,"http://www.jxyuging.com/fzdt/driving/2020/0629/71119.html"""
恒昌公司恒易融:申请房贷注意事项有哪些,"http://www.jinbw.com.cn/xiaofei/20200629/t_1593417810163283.html"""
"恭喜!7月起,购房者用好这5招,或将享受低房贷利率!",https://baijiahao.baidu.com/s?id=1670805633916813967
"3月起存量房贷利率定价方式转换,有房贷的这几点需要注意","http://www.3news.cn/24hot/2020/0629/419802.html"""
房贷固定利率可以转换成浮动利率吗?固定利率和浮动利率哪个好?,"http://nanning.gxorg.com/shehui/2020/0629/36559.html"""
LPR房贷利率重新定价日引争议需同客户协商,"http://www.carxoo.com/jinrong/news-297234.html"""
"95万房贷,30年要还多少利息?如果95万存银行,30年有多少利息?",https://baijiahao.baidu.com/s?id=1670811059203497366
"70后的中年人,房贷快还不上了;被子女连累的人生,有多么悲凉",https://baijiahao.baidu.com/s?id=1670803892242916534
南宁首套房贷利率下降!贷款100万少还12万!南宁出台“商转公...,"http://news.gxfdc.cn/news/News5_498466.shtml"""
银行房贷利率在什么样的情况下才会来回浮动?,"http://www.jxyuging.com/fzdt/driving/2020/0628/71040.html"""
恒昌利通恒易融:提前还房贷需搞清哪些内容,"http://www.hxxkw.org/dujia/gd/104894.html"""
香港钧濠集团前主席曾炜麟浅析房贷利率下降,"http://news.0551fangchan.com/gundong/2020-06-28/0664691.html"""
房贷里的利息怎么计算?政策未松动多地房贷利率稳中微降,"http://www.weishan.cc/news/gn/081844196.html"""
关注!存量浮动利率房贷定价转换到底应该怎么计算?,"https://yc.fccs.com/news/5773941.html"""
"房贷“商转公”变相降息,酝酿楼市新变局","https://house.ifeng.com/news/2020_06_27-52840095_0.shtml"""
有房贷的房子还能贷款吗?这四种方法也许能帮到你,"http://www.waihuigu.net/jinrong/20200628/964895.html"""
"婚前贷款买的房子,婚后不能加女方的名字,除非还完房贷",https://baijiahao.baidu.com/s?id=1670816955216918734
"存量房贷利率5.88%,转成lrp利率合适吗","http://www.3news.cn/24hot/2020/0629/419789.html"""
lpr利率是浮动利率还是固定利率?已有房贷要不要转lpr,"http://www.weishan.cc/news/jishi/081844257.html"""
有大事!抚州发布新政房贷有大变化,"http://jx.sina.cn/news/2020-06-26/detail-iirczymk8927240.d.html?from=wap"""
恒昌利通恒易融:申请房贷的五大攻略,"http://www.hehechengde.cn/zhuanti/xinxl/2020-06-28/158344.html"""
恒昌公司恒易融:房贷面签银行必查哪些要点,"http://cn.latincomercio.com/investment/20200627299.html"""
"Hot文章值得看:杭州楼市:在大江东买房,房贷30年划算吗?",https://baijiahao.baidu.com/s?id=1670804821614654030
29万亿房贷来袭!大家都不敢花钱了?,https://baijiahao.baidu.com/s?id=1670706377300829532
"房贷建议选择LPR?网友的担心有道理,专家:难以预测,愿赌服输",https://baijiahao.baidu.com/s?id=1670744087520314217
这座城市可房贷降息,https://baijiahao.baidu.com/s?id=1670704220942959953
"黑猫投诉:光大银行联合阳光保险,搭售保费非法房贷","https://news.sina.cn/2020-06-28/detail-iirczymk9367706.d.html"""
"90%的人没想到,平时这个消费习惯竟然会导致房贷被拒!",https://baijiahao.baidu.com/s?id=1670705375687595292
房贷利率下降?疫情期间是买房子的大好时机!,https://baijiahao.baidu.com/s?id=1670753104992671166
房贷如何申请一般是多久时间可以审批?,https://baijiahao.baidu.com/s?id=1670712356599203551
LPR报价连续两月未变多地房贷利率稳中微降,"http://finance.eastmoney.com/a/202006281534671890.html"""
"因业主逾期偿还房贷,富力老板李思廉收“限消令”,回应:已妥善处理",https://finance.sina.cn/stock/relnews/hk/2020-06-24/detail-iircuyvk0307232.d.html?vt=4
"东莞女子房贷108万,担心得睡不着,一直在还债中度过!",https://baijiahao.baidu.com/s?id=1670614206543897409
"美国26天放水13万亿,121万亿或正从美国撤离,中国人抛美国房产",https://baijiahao.baidu.com/s?id=1670369897798169912
"LPR两月未动,房贷利率稳中有降,下半年仍有下行空间",https://baijiahao.baidu.com/s?id=1670796400689285358
"再说一次,不要早还房贷",https://baijiahao.baidu.com/s?id=1669825810291999367
"6月南宁最新房贷利率曝光!LPR未下调,房贷利率却降了",https://baijiahao.baidu.com/s?id=1670731488986353739
"这条新政,为全国房贷变相降息开了“后门”",https://baijiahao.baidu.com/s?id=1670434524733850413
"学会这样还房贷,减少不必要的利息,银行员工教给你方法",https://baijiahao.baidu.com/s?id=1670723472339324381
房贷利率5.65%算不算很高了?,https://baijiahao.baidu.com/s?id=1670635269982899075
"如何减少房贷利息?2种方式可供参考,看完后,还是老实还房贷吧",https://baijiahao.baidu.com/s?id=1670383095375519398
"我工资8000房贷7000,女友工资4500,不肯还2000元房贷,该怎办?",https://baijiahao.baidu.com/s?id=1670456677156875680
"房贷转换剩2个月,重要的事情再提醒:选LPR",https://baijiahao.baidu.com/s?id=1670436328583546962
"是什么在拖垮年轻人?房贷已经过时,这“2样东西”最“危险”",https://baijiahao.baidu.com/s?id=1670391427777661491
"刚买的房子还有房贷好不好卖?房子要卖,需要达成什么条件?",https://baijiahao.baidu.com/s?id=1670665570490172931
"75万元的房贷,分30年多少利息?银行经理:别再跟银行傻傻送钱",https://baijiahao.baidu.com/s?id=1670571656167383961
"“两个房贷我还不起”:现实和爱,该如何选择?",https://baijiahao.baidu.com/s?id=1670643913976122908
"“房贷一族”的福音!贷款利率或将下行,房贷转LPR仅剩两个月",https://baijiahao.baidu.com/s?id=1670534246966997102
"房贷转换成LPR利率合适吗?依个人情况而定,但这种情况必须转!",https://baijiahao.baidu.com/s?id=1670657652315094225
"银行抵押贷款3.75%,你们愿意把房贷转换成抵押贷款吗?",https://baijiahao.baidu.com/s?id=1670525650159071028
"LPR连续两个月维持不变,房贷利率还有望继续下降吗?",https://baijiahao.baidu.com/s?id=1670381821247883180
"房贷年限选多久最合理?银行方透露:不少人没选对,白送不少钱!",https://baijiahao.baidu.com/s?id=1669618922829089414
"3年来首次!15天内二手房成交激增创纪录,房贷利率又降了!",https://baijiahao.baidu.com/s?id=1670010913021691472
看不懂的宿迁楼市!一边喊涨一边喊降!疫情下房贷又压垮了多少人,https://baijiahao.baidu.com/s?id=1670420098797118820
"收入下降,没钱还房贷了怎么办?一定不要“弃房断供”",https://baijiahao.baidu.com/s?id=1669731528306177915
广州、佛山最新房贷利率曝光!均进入全国前十低城市!,https://baijiahao.baidu.com/s?id=1670699739008548667
"高房贷已成为居民普遍性的沉重负担,还完房贷,基本上所剩无几",https://baijiahao.baidu.com/s?id=1669848127071218028
"这两天收到银行通知,建议房贷改成LPR,到底改还是不改?",https://baijiahao.baidu.com/s?id=1670357955338707162
"75万的房贷还30年,利息得多少?别再傻傻的给银行送钱了!",https://baijiahao.baidu.com/s?id=1670189971467778814
"新规下,两亿家庭、30万亿房贷全部这样处理,截止时间8月31日",https://baijiahao.baidu.com/s?id=1670292660844281407
全国房贷利率连降6个月二线城市降幅大于一线城市,https://baijiahao.baidu.com/s?id=1669890451818850632
"网慧验房:“大手笔”来了,房贷出新规,房奴生涯迎来转机",https://baijiahao.baidu.com/s?id=1669820907624525492
住房金融保持定力不“入夏”换锚LPR后房贷利率怎么走,https://baijiahao.baidu.com/s?id=1670367446385834382
"开收入证明,需要注意这3个细节,一不小心房贷就可能会贷不下来",https://baijiahao.baidu.com/s?id=1669636552531758205
全国首套房贷利率降至5.28%多城市降幅在10BP以上!有你的城市吗?,https://baijiahao.baidu.com/s?id=1669901973265644302
"为了买房还30年房贷,省吃俭用一辈子给银行打工,真的有必要吗?",https://baijiahao.baidu.com/s?id=1670099513239822263
"房贷未还清的要注意!2020年还款方式有变,央行已发布新规",https://baijiahao.baidu.com/s?id=1669357116158314052
"重庆“房奴”,你一个月多少房贷?压力大吗?快来看看别人的回答",https://baijiahao.baidu.com/s?id=1670118096984096138
6月最新LPR房贷利率曝光!依然是历史新低,https://baijiahao.baidu.com/s?id=1670400460543118738
为什么房贷让穷人更穷,https://baijiahao.baidu.com/s?id=1669383731746626345
"三线城市工资6千/月,有房贷,12万存款买20万车是否适合?",https://baijiahao.baidu.com/s?id=1670580596302850479
"LPR成为购房最大利好,房贷利率已连续下降6个月",https://baijiahao.baidu.com/s?id=1669995420719986943
"连续6个月下跌,首套房贷利率降至5.28%,再创淄博新低!",https://baijiahao.baidu.com/s?id=1670174564229142797
"房贷车贷压力大,电商闲鱼APP、兴盛优选、巨星行动、寺库受欢迎",https://baijiahao.baidu.com/s?id=1670583000526974298
"房贷新规下,要“提前还贷”吗?业内:两类人哪怕有违约金也得还",https://baijiahao.baidu.com/s?id=1670031677512357403
"“有房族”注意,房贷新规还有2个月到期,6000万家庭要做出选择",https://baijiahao.baidu.com/s?id=1669851431987316373
"关于房贷先还利息还是先还本金,消费者贷款利息到底花了多少钱?",https://baijiahao.baidu.com/s?id=1669942500670345732
"你家的房贷转LPR了吗?5年期LPR上半年共降15bp,百万贷款月供省近...","https://finance.sina.cn/2020-06-23/detail-iirczymk8513206.d.html?from=wap"""
"3个月盈利23.5%,我搞了个“还房贷”组合",https://baijiahao.baidu.com/s?id=1670166103189475312
"从2020年起,这6类房子或将“买卖困难”,房贷也可能办不下来!",https://baijiahao.baidu.com/s?id=1670183583982996303
"“我真还不起房贷了”,2亿家庭背负28万亿房贷,断供潮或将来临",https://baijiahao.baidu.com/s?id=1670283266892463869
"房贷,选等额本金还是等额跟本息好呢?亲身体会说一说",https://baijiahao.baidu.com/s?id=1670026470911496969
"2020年你得“趁早买房”?网友:租房15年,帮房东还30万房贷",https://baijiahao.baidu.com/s?id=1670256621386277841
利率比房贷还低?多家银行抢收个贷定向降利率!营销爆点背后有这一...,https://baijiahao.baidu.com/s?id=1669923705577764302
"今年开始,不买三种房新规下贬值迫在眉睫,房贷,房产证做不到",https://baijiahao.baidu.com/s?id=1669813973665786804
"重磅突发,央行调整房贷利率,买房成本“6连降”!",https://baijiahao.baidu.com/s?id=1669553616331940328
6月房贷报告:全国首套房贷平均利率5.28%环比再降4BP,"http://www.cinic.org.cn/sj/sdxz/shms/844158.html"""
"买房首付款已交,可是房贷被拒,现在进退两难,该如何减少损失?",https://baijiahao.baidu.com/s?id=1670297625339123913
LPR连续三个月未变专家:房贷利率年内仍有下调空间,"http://economy.enorth.com.cn/system/2020/06/22/050218466.shtml"""
"女子离奇“卖房”!房款没拿到,每月还要还3000元房贷!",https://baijiahao.baidu.com/s?id=1669641502891425660
"房贷利率5.39%,还有28年,选择固定利率还是LPR浮动利率?",https://baijiahao.baidu.com/s?id=1670095685696311306
"首付已经付了,但房贷还没批下来,这些钱能退吗?",https://baijiahao.baidu.com/s?id=1670330562281539865
"新版央行征信6大变化,房贷审批大调整,信用卡管理也有大变化",https://baijiahao.baidu.com/s?id=1670293438695907821
"提前还房贷后失业,银行却不愿意退回钱,后悔无处说",https://baijiahao.baidu.com/s?id=1669096872773206142
"月薪6000房贷4500块,很久没下馆子了,你怎么看待这种生活?",https://baijiahao.baidu.com/s?id=1670248398672910980
"房贷40万已还6年,还剩32万本金,如果提前还款划算吗?",https://baijiahao.baidu.com/s?id=1669732535774523453
"现房贷利率5.39%,未来五年会不会高于这个水平?",https://baijiahao.baidu.com/s?id=1669427723810758171
"房贷利率5.292%,纠结了很久,我选择了“固定利率”",https://baijiahao.baidu.com/s?id=1669554036877837922
"生活充满了起起落落,我会还我儿子的房贷",https://baijiahao.baidu.com/s?id=1670225898244301236
"房贷期限如何选?银行透露:房贷内有大学问,选择错误吃大亏",https://baijiahao.baidu.com/s?id=1669399986821351009
“降息”预期再次落空!下半年房贷利率还能再降吗?,https://baijiahao.baidu.com/s?id=1670342347349235649
"银行分期利率比房贷还低,地价大涨18%,水真的太多了",https://baijiahao.baidu.com/s?id=1670309807247786636
"提前还房贷超过“这个时间”就没必要了,银行经理:白白浪费钱",https://baijiahao.baidu.com/s?id=1669528314605203156
"房贷30年,贷款利率5.35%和5.29%,贷款100万元利息相差多少?",https://baijiahao.baidu.com/s?id=1670181173475471698
"央行发福利,1.4亿家庭集体“卸担子”,LPR下降,房贷利率再下调",https://baijiahao.baidu.com/s?id=1670252399823675309
疫情下加拿大房贷与住房公司严格标准,https://baijiahao.baidu.com/s?id=1669080253803242681
最低3.78%!银行消费贷款利率一降再降比房贷还便宜?,https://baijiahao.baidu.com/s?id=1669519753116301965
"2020央行新政策开启,“还没还清房贷”的仔细看,你的房贷要变了",https://baijiahao.baidu.com/s?id=1669215942452179069
"全国56%的家庭负债,50%因为房贷,专家:这次定要把房价打下去",https://baijiahao.baidu.com/s?id=1670066238388326667
"lpr6个月降至4.65%!银行没有玩套路,选LPR可少还利息",https://baijiahao.baidu.com/s?id=1670163678276940102
蔡晓鹏吁请:紧急出台暂缓中国公民涉房贷本息偿付普惠政策,https://baijiahao.baidu.com/s?id=1670120397549757086
"事关腰包,最后2个多月,房贷究竟选LPR还是固定利率?「新闻三剑客」",https://baijiahao.baidu.com/s?id=1670019858229765449
"贷款买房压力多大?房奴:工资五千,房贷六千多,压力好大!",https://baijiahao.baidu.com/s?id=1668575812753793561
还在纠结房贷选不选LPR浮动利率模式吗?答案来了,https://baijiahao.baidu.com/s?id=1669848058264978866
房贷利率下调!买房再迎利好,"http://house.jschina.com.cn/lpsd/202006/t20200609_6680912.shtml"""
"买房最纠结的事情,房贷越长越好还是越短越好?这点是关键",https://baijiahao.baidu.com/s?id=1668901181571343637
银行大促个人消费贷利率低于房贷?多家银行推优惠利率,https://baijiahao.baidu.com/s?id=1669430970778775829
"买房族记住了,不要再提前还房贷了,先听听懂行的怎么说!",https://baijiahao.baidu.com/s?id=1669492213690400880
"深圳楼市惊现断供潮,重庆楼市是否现异常?未来银行房贷更谨慎?",https://baijiahao.baidu.com/s?id=1668738117772473362
一二线城市过热已出现!黄峥身家超马云!影院老板房贷快还不起了,https://baijiahao.baidu.com/s?id=1670165723545978490
中国排协官宣解约!球迷担心房奴李盈莹的房贷、朱婷的MVP奖金,https://baijiahao.baidu.com/s?id=1669610011173102592
"多用户“卸载京东”,直言“太坑了”?一不小心,房贷都被秒拒?",https://baijiahao.baidu.com/s?id=1669724621397713094
房产证要“全面失效”?房贷也办不了?国家文件给了“答案”,https://baijiahao.baidu.com/s?id=1669940062721258744
5月LPR未降但房贷利率有望进一步下调,https://baijiahao.baidu.com/s?id=1668258355005343669
新加坡房贷利率降至1.5%,https://baijiahao.baidu.com/s?id=1669455646703273445
"笑skr人!你不生孩子,谁来接力偿还你爷爷的房贷?……哈哈都是人才!",https://baijiahao.baidu.com/s?id=1669705361007649186
"2006年,于谦借给曹云金8万块帮其买房,曹云金:害我月月还房贷",https://baijiahao.baidu.com/s?id=1670085200221712244
机构:5月M2增速或再创新高消费贷、房贷恢复性增长,https://baijiahao.baidu.com/s?id=1668289258272787013
上海买房税费、限购、房贷、摇号政策大全!你一定用得上!,https://baijiahao.baidu.com/s?id=1668496412773607039
房贷晚还6小时被纳入征信影响公积金提取吗?官方回复来了,https://baijiahao.baidu.com/s?id=1669083959302929518
"幸运彩民喜中刮刮乐“点球大战”20万元,奖金给父母还房贷",https://baijiahao.baidu.com/s?id=1669077167164542287
2020年7月中国银行存款利率是多少?房贷利率是多少,"http://www.jxyuging.com/fzdt/driving/2020/0629/71118.html"""
闹乌龙!业主房贷违约让房企老板收“限消令”,"http://www.yuncaijing.com/news/similar/id_14439839.html"""
"75万的房贷,30年要多少利息?银行员工:有的人傻傻的给银行送钱",https://baijiahao.baidu.com/s?id=1669938661620124953
"100万的房贷,30年要还多少利息?别再傻傻给银行“送钱”了……",https://baijiahao.baidu.com/s?id=1670078833067235001
甘犁:取消住房公积金将使市民群体承受更大的房贷负担,https://baijiahao.baidu.com/s?id=1668259966122141162
"房贷断供会怎样?银行不愿意走法律程序,超过这个次数就麻烦了",https://baijiahao.baidu.com/s?id=1668000470795091620
H股内房企普跌机构预计全年新增房贷增幅超过10%,https://baijiahao.baidu.com/s?id=1669198826512726568
"99%的购房者,都不知道留足房贷的后手",https://baijiahao.baidu.com/s?id=1669278258805373746
银行“抢收”房贷利率难现大松动,https://baijiahao.baidu.com/s?id=1667708319142749111
"家庭资产已有300万?房贷占比近八成,我们是真的“有钱”吗?",https://baijiahao.baidu.com/s?id=1665933345365296326
中国城镇居民家庭资产均值逾300万负债主要是房贷,https://baijiahao.baidu.com/s?id=1665824833750194718
"复式追加中大乐透22万,青岛购彩者提前还房贷",https://baijiahao.baidu.com/s?id=1665573528388082806
"LPR持续下调,你的房贷月供能省多少?",https://baijiahao.baidu.com/s?id=1665271846135428509
央行又“降息”!你的房贷每月少还多少钱?,https://baijiahao.baidu.com/s?id=1664574398606591882
"这两个月,浙江很多人提前还房贷!快来算算这笔账",https://baijiahao.baidu.com/s?id=1664557285006052662
"全国房贷利率降至“5”时代,未来或继续下行",https://baijiahao.baidu.com/s?id=1665398799653076018
房贷固定利率与LPR“二选一”有房、没房的都要会算,https://baijiahao.baidu.com/s?id=1662914726098476591
房贷定价基准转换满月仍被观望,https://baijiahao.baidu.com/s?id=1662730273604161599
国有六大行6.4万亿新增贷款投向分析:39.5%投向房贷42.1%投向公司...,https://baijiahao.baidu.com/s?id=1662673362511536054
5年期以上LPR不变实际房贷利率或下调,https://baijiahao.baidu.com/s?id=1661881688497494916
LPR还是固定利率?房贷利率“LPR转换”知多少,https://baijiahao.baidu.com/s?id=1661816910716389307
"利率大调整,中国房贷族该怎么选",https://baijiahao.baidu.com/s?id=1660282639663755797
房贷利率不知道怎么转?央行发布房贷利率转换说明,https://baijiahao.baidu.com/s?id=1660229216569117207
3月起房贷族注意房贷利率会重新定价,https://baijiahao.baidu.com/s?id=1659930719772577778
明起房贷利率“重新定价”:利率怎么转换?如何办理?,https://baijiahao.baidu.com/s?id=1659855918290800505
"全国平均房贷利率持续3个月下行,银行差异化房贷政策力度加大",https://baijiahao.baidu.com/s?id=1659677806844202712
工行绍兴分行回应二套房首付降至三成:个人房贷政策未调整,https://baijiahao.baidu.com/s?id=1659580922789332985
"固定还是浮动?房贷定价基准转换两月,市民多在观望之中",https://baijiahao.baidu.com/s?id=1664847814632789278
房贷又变少了?LPR下降10个基点这些人房贷利率转换要抓紧,https://baijiahao.baidu.com/s?id=1664781327601613581
贷款市场“降息”了你的房贷会跟着降么?,https://baijiahao.baidu.com/s?id=1664656075954769017
房贷一族重大利好!4月LPR创改革以来最大降幅!,https://baijiahao.baidu.com/s?id=1664484437208155964
疫情冲击美国房地产:还不起房贷低利率利好被就业人数下降抵消,https://baijiahao.baidu.com/s?id=1664476548816801900
"“固定利率”还是“LPR”,房贷利率“二选一”咋选更划算",https://baijiahao.baidu.com/s?id=1664472094550720205
"贷款市场“降息”来了!1年期LPR报价破4%,你的房贷月供会降多少?",https://baijiahao.baidu.com/s?id=1664462937416684812
工商银行河南省分行下调房贷首付比例?官方予以否认,https://baijiahao.baidu.com/s?id=1664216774987949724
中奖4.4万元潍坊小伙领完奖还房贷,https://baijiahao.baidu.com/s?id=1662608121845726058
央行回应房贷利率怎么转更划算:取决于对LPR走势的判断,https://baijiahao.baidu.com/s?id=1660414304305652602
五年期LPR下调5个基点房贷利率或现小降,https://baijiahao.baidu.com/s?id=1659038870636396267
"重磅解读!央行宣布LPR下调,啥信号?会影响你的房贷吗?",https://baijiahao.baidu.com/s?id=1659035205711522362
你的房贷可以延期吗?看看哪些地方出台了延缓按揭政策,https://baijiahao.baidu.com/s?id=1658383617576503784
"疫情影响,个人房贷还款能否延期?六大行这样说",https://baijiahao.baidu.com/s?id=1657519088673974798
"疫情影响下,工资、社保、房贷、信用卡、房租有了新政策",https://baijiahao.baidu.com/s?id=1657481641755689616
受疫情影响严重人员可延期还房贷,https://baijiahao.baidu.com/s?id=1657320569947330283
"央行传来重磅消息,房贷利率降了,是时候买房了?",https://baijiahao.baidu.com/s?id=1665407840423950824
"房贷90万,还款30年,利息近92万!你觉着贷款买房划算吗?",https://baijiahao.baidu.com/s?id=1665367256271734184
"1.4亿家庭背负28万亿房贷!一旦“房价下跌”,会有什么结果",https://baijiahao.baidu.com/s?id=1665204965950229299
房贷提前还款应怎样操作?一定别忘记提前预约,https://baijiahao.baidu.com/s?id=1664835823432080127
"超大力度“降息”来了?央行下调20个基点,房贷和存款有影响吗",https://baijiahao.baidu.com/s?id=1664481294263140349
"最新房贷利率又降了!GDP首次为负,对信阳房价影响几何?",https://baijiahao.baidu.com/s?id=1664476881838343401
"如果发生战争,房子毁了,房贷还要不要还?今天总算明白了",https://baijiahao.baidu.com/s?id=1664139882025151036
美国房贷延期还款申请激增近2000%,https://baijiahao.baidu.com/s?id=1663408463789962665
"59岁男星失业3个月,每月还1万房贷欲卖房救急,却坚持免费发口罩",https://baijiahao.baidu.com/s?id=1662674923141731723
"房贷利率转换,咋选更划算?央行给出答案",https://baijiahao.baidu.com/s?id=1660570988064790952
房贷利率面临“二选一”挂钩LPR会更划算吗?,https://baijiahao.baidu.com/s?id=1660425526748259349
"房贷“重新定价”首个工作日:咨询电话被打爆,重庆“按揭族”最...",https://baijiahao.baidu.com/s?id=1660061094520700644
一图看懂!房贷利率定价基准转换不会操作咋办?有的银行给统一办理...,https://baijiahao.baidu.com/s?id=1660015597138991022
"今天,你的房贷合同要“换锚”了!哪些人要转?怎么转?怎样划算?去...",https://baijiahao.baidu.com/s?id=1659914174889902524
房贷“换锚”3月1日启动银行提醒:不要去网点手机即可办理,https://baijiahao.baidu.com/s?id=1659859915355439016
再过3天你的房贷利率可能要“重新定价”以后每月的房贷是升还是降?,https://baijiahao.baidu.com/s?id=1659667313794970017
二成首付重出江湖浙商银行下调非限购区房贷首付,https://baijiahao.baidu.com/s?id=1659468454842155289
5年期LPR下降百万30年房贷月供减少约30元,https://baijiahao.baidu.com/s?id=1659206540905776908
"LPR今年首降5个基点,百万房贷月供可减31元",https://baijiahao.baidu.com/s?id=1659021615626900643
"家庭月入3万,房贷1万,就想买奔驰GLC!",https://baijiahao.baidu.com/s?id=1658955029272241710
疫情期间房贷、车贷或者信用卡逾期会有不良信用记录吗?,https://baijiahao.baidu.com/s?id=1658947505628857693
"刚刚通知!受疫情影响,这类人群可合理延后还房贷!",https://baijiahao.baidu.com/s?id=1656861593500493169
银保监会:受疫情影响暂无收入人群可合理延后还房贷,https://baijiahao.baidu.com/s?id=1656860145708451243
有房有贷的看过来!房贷利率换锚LPR怎么操作更划算?,https://baijiahao.baidu.com/s?id=1655834339982029229
房贷利率将有变化选择浮动利率后贷款怎么算?,https://baijiahao.baidu.com/s?id=1654655171021898062
一线城市房贷利率整体回落2020年房贷利率存下行空间,https://baijiahao.baidu.com/s?id=1654414728673607738
"央行出新规!从明年3月起,你的房贷合同要变了",https://baijiahao.baidu.com/s?id=1654166966743699901
"有房贷的必看!3月1日起,房贷利率可二选一!",https://baijiahao.baidu.com/s?id=1661584603889339929
房贷、车贷……受疫情影响无法正常还贷怎么办?,https://baijiahao.baidu.com/s?id=1661398645714880622
"房贷“二选一”,只给一次机会!你到底换不换?",https://baijiahao.baidu.com/s?id=1660253552276888464
"房贷合同今起正式“换锚”,“这样”操作或少还10万元,请存好!",https://baijiahao.baidu.com/s?id=1659932393881862174
"央行降息了,房贷利率会下降吗?如何降低自己的购房成本?",https://baijiahao.baidu.com/s?id=1659686424003576034
"2020年3月起,“房贷未还清的人”将迎新变化,又能省一笔钱了?",https://baijiahao.baidu.com/s?id=1659490573924956865
"不可抗力之后,房子和房贷该怎么办?",https://baijiahao.baidu.com/s?id=1658825969188280695
LPR下行预期而至这些城市房贷利率降了?,https://baijiahao.baidu.com/s?id=1658235831164486462
"感染新型肺炎或参与疫情防控,房贷、信用卡可延后还款",https://baijiahao.baidu.com/s?id=1657331026259745944
央行:受疫情影响人员可延期还房贷、信用卡,https://baijiahao.baidu.com/s?id=1657322071050479695
全国70%以上的年轻人背负巨额房贷!,https://baijiahao.baidu.com/s?id=1657293975178329978
受疫情影响房贷可以延期还?我们帮你打听清楚了,https://baijiahao.baidu.com/s?id=1657252893533659175
最新!南京多家银行房贷利率下调!年后贷款、征信都要变,https://baijiahao.baidu.com/s?id=1655879089104253517
"关注|房贷新政又来了!客户经理直言“一头雾水”,专家表示这样换最...",https://baijiahao.baidu.com/s?id=1655055978722842587
老房贷转LPR定利率划算不?对购房者有何影响?专业人士解读,https://baijiahao.baidu.com/s?id=1654664409163381901
你的房贷利率想不想变?,https://baijiahao.baidu.com/s?id=1654395195108668003
早安山东|央行发布房贷新规;济南机场改扩建二期工程将增设2条跑道...,https://baijiahao.baidu.com/s?id=1654297576799001271
央行宣布贷款利率大调整你的房贷合同要改了,https://baijiahao.baidu.com/s?id=1654265945915929421
"房贷利率要变!央行今天宣布重磅消息,跟你有关",https://baijiahao.baidu.com/s?id=1654175487065801553
南京11月房贷平均利率略降年前房贷利率将趋于平稳,https://baijiahao.baidu.com/s?id=1651887612434514452
"周琦24岁年薪2千万,调侃自己“还不起房贷”,与30岁妻子很般配",https://baijiahao.baidu.com/s?id=1658571018925797904
"受疫情影响,房贷、信用卡可以延期还?这一次误会大了!",https://baijiahao.baidu.com/s?id=1658421396826770553
"首付交完后,房贷多久才能批下来?内行人解释,心有数",https://baijiahao.baidu.com/s?id=1656947794468390410
房贷和抵押贷款有什么区别?,https://baijiahao.baidu.com/s?id=1655931439420697242
"房贷还完要记得做这件事,4个问题告诉你重要性,否则房子卖不了",https://baijiahao.baidu.com/s?id=1655874465397684473
"花呗、借呗、有钱花、微粒贷、哪个不上征信,不影响房贷?",https://baijiahao.baidu.com/s?id=1654961279179274223
麻辣财经:房贷利率有大变化!浮动还是固定该咋选,https://baijiahao.baidu.com/s?id=1654399879778558732
"央行宣布了!房贷将有大变化,楼市还会稳多久?",https://baijiahao.baidu.com/s?id=1654174068084754089
"郑州,居然是全国房贷利率最高的三大城市之一!",https://baijiahao.baidu.com/s?id=1653038106791312991
"“断供潮”来袭,房贷在身的你最好注意这些事情",https://baijiahao.baidu.com/s?id=1652708715095417426
用公积金房贷多少年最划算?,https://baijiahao.baidu.com/s?id=1652591954011718814
"明年开始,还房贷“3傻事”别再做!能省一部车,银行不会跟你说",https://baijiahao.baidu.com/s?id=1652334809360840905
"杭州居民杠杆率超北上广深全国第一!房贷占一大半,却风险可控",https://baijiahao.baidu.com/s?id=1652135043503207751
"200万房贷月供将少还57元,专家:降息周期已经打开",https://baijiahao.baidu.com/s?id=1650792167005565475
房贷利率突降!接下来是买房最划算的一个月!(附各城利率明细),https://baijiahao.baidu.com/s?id=1650788370126575429
"房贷基准利率下调,5年期降至4.80%",https://baijiahao.baidu.com/s?id=1650686185562196033
太原楼市贷款收紧房贷审批条件从严,https://baijiahao.baidu.com/s?id=1650151356881143448
房贷利率挂钩LPR首日成都首套房利率普加75-90点,https://baijiahao.baidu.com/s?id=1646817123213217324
房贷利率今日“换锚”未来每个人的利率可能不一样,https://baijiahao.baidu.com/s?id=1646778806909926871
最新房贷利率下限出炉居民房贷合同或一年一调整,https://baijiahao.baidu.com/s?id=1645245264906052998
"年入千万为房贷发愁!看完22岁柯洁的豪宅内景,你就明白了",https://baijiahao.baidu.com/s?id=1653890780117426448
房贷逾期被起诉全额还款悔莫及,https://baijiahao.baidu.com/s?id=1653590501538679259
"陈意涵老公太诚实了,自曝上节目是为了钱,需要还房贷",https://baijiahao.baidu.com/s?id=1653423918870514838
新知百科:什么是LPR?LPR和房贷利率有什么不同,https://baijiahao.baidu.com/s?id=1651860067588983350
"房贷压垮年轻人?真相并非如此,你的钱去哪儿了?",https://baijiahao.baidu.com/s?id=1651816122631632059
什么情况?银行房贷利率为何逆风上涨,https://baijiahao.baidu.com/s?id=1651414630330536617
"如果有房贷200万,月收入多少才能应对?",https://baijiahao.baidu.com/s?id=1650865148338960461
"为什么房贷提前还反而不划算?师傅帮我一算账,下次不要太早还了",https://baijiahao.baidu.com/s?id=1650715804760080439
"银行早给自己准备了“降落伞”!房贷合同这行字,很多人忽略了",https://baijiahao.baidu.com/s?id=1650143281376197705
房贷月供占收入的比例多少才合理?大多数人已在警戒线以上,https://baijiahao.baidu.com/s?id=1649236700199813096
"背负400多万房贷,某业主无奈:快还不起月供,可能要弃房断供",https://baijiahao.baidu.com/s?id=1648966805737667293
"结婚后,丈夫辞了工作让妻子一个人还房贷,妻子不堪重负提出离婚",https://baijiahao.baidu.com/s?id=1648718938478368623
广东:首套房贷不低于相应期限贷款市场报价利率,https://baijiahao.baidu.com/s?id=1648347338504382137
昆明多家银行悄然上调房贷利率有银行首套房贷已超6%,https://baijiahao.baidu.com/s?id=1648151973067016290
"房贷利率跌没跌?最新一期LPR利率公布以后,刚需可能要失望了",https://baijiahao.baidu.com/s?id=1648086684366390086
"新LPR第三次报价,房贷利率没变化",https://baijiahao.baidu.com/s?id=1647977010476469272
"使用借呗,还会影响房贷申请?会影响到什么程度?必须要知道!",https://baijiahao.baidu.com/s?id=1647720404351151593
首批新版房贷合同来了签合同这些要点千理清,https://baijiahao.baidu.com/s?id=1647697638669635012
新版房贷合同陆续落地房贷利率加点一经约定不再调整,https://baijiahao.baidu.com/s?id=1647622884610825181
个人商业房贷新规已正式落地房贷利率是降还是涨银行怎么说,https://baijiahao.baidu.com/s?id=1647057241973103512
"早财经丨央视暂停转播,NBA中国遭三分之一合作品牌抛弃;房贷利率昨...",https://baijiahao.baidu.com/s?id=1646863833393204387
"个人住房贷款正式换锚,北上深房贷利率都有哪些变化?",https://baijiahao.baidu.com/s?id=1646815054918298172
个人房贷率正式“换锚”定价基准转换为LPR,https://baijiahao.baidu.com/s?id=1646788871909847296
"负利率房贷都出现了,世界经济将走向何方?",https://baijiahao.baidu.com/s?id=1645182724184004631
"未爆冷,LPR“降息”,10月8日起房贷利率将调整",https://baijiahao.baidu.com/s?id=1645157317277132074
“新版”房贷利率将总体保持平稳,https://baijiahao.baidu.com/s?id=1644903249125111148
外媒关注中国房贷利率新政策,https://baijiahao.baidu.com/s?id=1643001111223326740
新LPR报价落地首日央行:房贷利率保持基本稳定,https://baijiahao.baidu.com/s?id=1642411780687240693
改革完善贷款市场报价利率房贷利率不会因此下降,https://baijiahao.baidu.com/s?id=1642372228781044208
"情侣分手,女方还过1.4万元房贷,要分一半房子,法院这么判……",https://baijiahao.baidu.com/s?id=1641985536096294769
"新版征信后,信用卡大额分期会影响房贷吗?",https://baijiahao.baidu.com/s?id=1647434455888582794
"今日起,房贷利率发生重大调整!南通首套房、二套房新利率公布!",https://baijiahao.baidu.com/s?id=1646811636495202270
"婚前一方出首付买的房婚后共同偿还房贷,属于夫妻共同财产吗?",https://baijiahao.baidu.com/s?id=1646087512372245025
"房子买早了!业主:才两年就亏近200万,一个月得还2万房贷",https://baijiahao.baidu.com/s?id=1646061254084421462
信用卡逾期影响房贷?逾期到底有哪些影响?,https://baijiahao.baidu.com/s?id=1645647477411789651
"房贷贷了30年,已经还了五年了,现在手里面有钱一次还清行不行?",https://baijiahao.baidu.com/s?id=1645550548887784476
"房贷还款日银行卡里没钱,导致房贷晚还了2天会怎么样?",https://baijiahao.baidu.com/s?id=1645437906157546742
"有网贷记录,就一定无法办理下来房贷吗?",https://baijiahao.baidu.com/s?id=1645300773212269960
"如果忘记一个月还款房贷,后果会怎样?",https://baijiahao.baidu.com/s?id=1645285697870109603
房贷已经还了一部分如果贷款利率下降房贷会少吗?,https://baijiahao.baidu.com/s?id=1644378364113379310
"房贷真相:贷款时间越长,银行赚得越多!",https://baijiahao.baidu.com/s?id=1644187777607536046
信用卡套现按时还款会影响征信和房贷吗?,https://baijiahao.baidu.com/s?id=1644180952124231025
"还房贷的人注意了!还清房贷后要记得做“这件事”,不少人都忘了",https://baijiahao.baidu.com/s?id=1644176164224205513
"如果名下没有任何流水和存款,信用卡也空了,能否成功办理房贷?",https://baijiahao.baidu.com/s?id=1643670297038613230
人民日报:房贷改革是对利率市场化的顺势而为,https://baijiahao.baidu.com/s?id=1643529463619512101
"房贷100万还了10年,还剩10年50万本金没还,提前结清划算吗?",https://baijiahao.baidu.com/s?id=1643393768083094159
"新房贷利率政策公布,一旦实施,房贷利率会涨还是会跌?",https://baijiahao.baidu.com/s?id=1643192108286660412
个人住房贷款定价基准改为LPR热点城市房贷利率或微幅上调,https://baijiahao.baidu.com/s?id=1642946524720124183
"房贷巨变:银行“停贷”二手房,透露什么信号?",https://baijiahao.baidu.com/s?id=1642892694928855488
房贷还没还清房子又可以再次抵押杭州开放“二抵贷”业务,https://baijiahao.baidu.com/s?id=1642566423755826675
中国人民银行副行长刘国强:房贷利率不下降,https://baijiahao.baidu.com/s?id=1642367303652605663
"果然“降息”!新LPR首次报价诞生,后续定向降准等空间打开,房贷...",https://baijiahao.baidu.com/s?id=1642359682961696965
"“有一点可以肯定,房贷利率不降”",https://baijiahao.baidu.com/s?id=1642357678203127814
"只有流水账和征信,没有收入证明,能够申请到房贷吗?",https://baijiahao.baidu.com/s?id=1640991051995608236
"上半年金融数据出炉,M2、房贷等指标如何影响央行政策",https://baijiahao.baidu.com/s?id=1638931347159784054
四大行出手!宁波首套房贷利率全线上调10%,https://baijiahao.baidu.com/s?id=1638542275500717554
房贷利率再也不“打折”了!这三种人买房要抓紧,https://baijiahao.baidu.com/s?id=1643019126322767289
"房贷新规执行后,不再有基准利率,对已发放贷款的人有什么影响?",https://baijiahao.baidu.com/s?id=1643017220578327783
还房贷“越长越好”还是“越短越好”?银行员工:不少人白送钱,https://baijiahao.baidu.com/s?id=1643003591072427727
10月8日起LPR成房贷利率基准对购房人影响几何?,https://baijiahao.baidu.com/s?id=1643001975218218050
"LPR未来会下跌,但房贷利率会继续上涨,首套房也不例外",https://baijiahao.baidu.com/s?id=1642980010887607816
"央行通知:不会降低房贷利率!未来十年,想挣钱选房子还是股票?",https://baijiahao.baidu.com/s?id=1642622171022973875
"房贷利率上涨,房价却要跌,下半年要买房吗?",https://baijiahao.baidu.com/s?id=1642440542516454729
"房价不涨,买房也难,中国人民银行副行长:房贷利率不下降",https://baijiahao.baidu.com/s?id=1642387296523859138
"房贷还完还有一件事要做,不做的话还会有一定的“麻烦”",https://baijiahao.baidu.com/s?id=1642283435086197486
"2019首套房贷多城密集上调!平均利率至5.7%,苏州暴涨破6!",https://baijiahao.baidu.com/s?id=1641996641711088618
"银行离职员工分享:还房贷不能干的8件傻事,不然白送钱给银行!",https://baijiahao.baidu.com/s?id=1641921162957688351
首套房上浮8%!杭州房贷利率收紧,https://baijiahao.baidu.com/s?id=1641808922971659741
"提前还房贷,利息差别这么大?这样还才最划算!",https://baijiahao.baidu.com/s?id=1641649404535591667
"从来没有逾期,信用卡房贷也按时还款,贷款时银行却告知不合格",https://baijiahao.baidu.com/s?id=1641013718050681137
"房贷贷款申请如果没有收入证明,通过什么方法,获得贷款审批呢",https://baijiahao.baidu.com/s?id=1640843921113404331
房贷选“越长越好”还是“越短越好”?银行经理:不少人都白送钱,https://baijiahao.baidu.com/s?id=1640631640138703335
"多个热点城市房贷利率上调,意味着什么?",https://baijiahao.baidu.com/s?id=1640384413859246691
"楼市最新消息,多个城市房贷利率上调,刚需离买房还有多远?",https://baijiahao.baidu.com/s?id=1640379554790580436
"房贷车贷消费贷,真的是穷人存款而富人贷款吗?",https://baijiahao.baidu.com/s?id=1639810090578959497
"房贷利率普遍上浮,刚需现在要不要出手买房?",https://baijiahao.baidu.com/s?id=1639111251629294391
"银行不涨房贷要亏本,这是真的吗?",https://baijiahao.baidu.com/s?id=1638922278448334257
"存量房贷利率今天起转换,选择固定利率还是浮动利率?",https://baijiahao.baidu.com/s?id=1659937793594398324
"「重磅」存量房贷“换锚”LPR选择题,你做对了吗?这份指南请收好!",https://baijiahao.baidu.com/s?id=1660403328357389582
"FBI探员致信特朗普:我们很爱国,但我们没钱吃饭看病还不起房贷",https://baijiahao.baidu.com/s?id=1623424303773118288
"工资到手8000多,公积金3000多,大概能承担多少的房贷?",https://baijiahao.baidu.com/s?id=1637560413023906910
即日起淄博公积金账户余额可按月冲还房贷,https://baijiahao.baidu.com/s?id=1623502489555416227
“接力还房贷最长到80岁”当事银行:并非如此,https://baijiahao.baidu.com/s?id=1621682902022920224
"《吐槽大会》柯洁原来还要还房贷,拿到TalkKing后却放言不还了",https://baijiahao.baidu.com/s?id=1621332556041042860
"央行降准,房贷利率会降吗?",https://baijiahao.baidu.com/s?id=1617089408192252671
公积金断缴会有什么影响?正在还的房贷怎么办?可以补缴吗?,https://baijiahao.baidu.com/s?id=1638204209364580042
"井野婚后开花店,雏田变成全职主妇,而她却在打工还房贷!",https://baijiahao.baidu.com/s?id=1637863438243004772
"办理房贷前最好不要频繁借网贷,因网贷逾期会对个人征信造成污点",https://baijiahao.baidu.com/s?id=1637277792355431996
"不用还房贷和车贷,工资多高才养得起10万汽车?没这数,建议别买",https://baijiahao.baidu.com/s?id=1636759493000456642
房贷期限是“越长越好”还是“越短越好”?看一看内行人怎么说,https://baijiahao.baidu.com/s?id=1636396596545381576
"还房贷的时候,不要做这4件“蠢事”,都是过来人的经验",https://baijiahao.baidu.com/s?id=1634919822014367849
"终于等到银行破产的消息,房贷车贷都不用还了?",https://baijiahao.baidu.com/s?id=1634918952577351490
"为什么再有钱也不要提前还房贷?还房贷的正确操作,都在这里!",https://baijiahao.baidu.com/s?id=1631755250071294134
"未来的你将选择如何老去?60岁终于还完房贷,还是选择优雅的老去",https://baijiahao.baidu.com/s?id=1626077998746820593
"重磅:微信提现出现延迟,网友:耽误了房贷怎么办?",https://baijiahao.baidu.com/s?id=1625236387409483207
"还房贷必须知道的常识!办理房产证前,一定要先还清房贷吗?",https://baijiahao.baidu.com/s?id=1623987078684594680
"房贷还到80岁,“子孙贷”来了?美股创新低!苹果暴跌近10%",https://baijiahao.baidu.com/s?id=1621683259916621200
房贷可贷到80岁某银行一举打破贷款人最高年龄纪录,"http://bj.people.com.cn/n2/2019/0103/c233086-32486714.html"""
"奖金185万只够缓解房贷压力?柯洁自曝北京住房地段,网友惊了!",https://baijiahao.baidu.com/s?id=1621448132730639925
借2000元还房贷最终被逼还130万南京警方重拳打击“套路贷”,https://baijiahao.baidu.com/s?id=1620273110755895148
"还着房贷车贷还生了二胎,会过日子的妈妈说,没觉得生活变艰难",https://baijiahao.baidu.com/s?id=1617544153384944683
房贷真相!这样贷款买房等于给自己赚钱!,https://baijiahao.baidu.com/s?id=1617519213710422909
"杭州房贷利率全面松动!首套房贷款200万按揭20年,少付7万利息",https://baijiahao.baidu.com/s?id=1617343066827655322
"买了一套100万的房子,交不起房贷该怎么办?",https://baijiahao.baidu.com/s?id=1615821582375423878
"房贷一旦供断了,房子会不会被收走呢?",https://baijiahao.baidu.com/s?id=1615550781584415323
2018年下半年怎么才能拿到低房贷利率?那只能放这5个大招了!,https://baijiahao.baidu.com/s?id=1611932104897190552
"如果贷款买的新房遭受天灾损毁,那房贷还该继续偿还么?",https://baijiahao.baidu.com/s?id=1611479796080269259
房贷真相!这样贷款买房等于给自己赚钱!,https://baijiahao.baidu.com/s?id=1617519213710422909
"杭州房贷利率全面松动!首套房贷款200万按揭20年,少付7万利息",https://baijiahao.baidu.com/s?id=1617343066827655322
"买了一套100万的房子,交不起房贷该怎么办?",https://baijiahao.baidu.com/s?id=1615821582375423878
"房贷一旦供断了,房子会不会被收走呢?",https://baijiahao.baidu.com/s?id=1615550781584415323
2018年下半年怎么才能拿到低房贷利率?那只能放这5个大招了!,https://baijiahao.baidu.com/s?id=1611932104897190552
"如果贷款买的新房遭受天灾损毁,那房贷还该继续偿还么?",https://baijiahao.baidu.com/s?id=1611479796080269259
房贷真相!这样贷款买房等于给自己赚钱!,https://baijiahao.baidu.com/s?id=1617519213710422909
"杭州房贷利率全面松动!首套房贷款200万按揭20年,少付7万利息",https://baijiahao.baidu.com/s?id=1617343066827655322
"买了一套100万的房子,交不起房贷该怎么办?",https://baijiahao.baidu.com/s?id=1615821582375423878
"房贷一旦供断了,房子会不会被收走呢?",https://baijiahao.baidu.com/s?id=1615550781584415323
2018年下半年怎么才能拿到低房贷利率?那只能放这5个大招了!,https://baijiahao.baidu.com/s?id=1611932104897190552
"如果贷款买的新房遭受天灾损毁,那房贷还该继续偿还么?",https://baijiahao.baidu.com/s?id=1611479796080269259
房贷真相!这样贷款买房等于给自己赚钱!,https://baijiahao.baidu.com/s?id=1617519213710422909
"杭州房贷利率全面松动!首套房贷款200万按揭20年,少付7万利息",https://baijiahao.baidu.com/s?id=1617343066827655322
"买了一套100万的房子,交不起房贷该怎么办?",https://baijiahao.baidu.com/s?id=1615821582375423878
"房贷一旦供断了,房子会不会被收走呢?",https://baijiahao.baidu.com/s?id=1615550781584415323
2018年下半年怎么才能拿到低房贷利率?那只能放这5个大招了!,https://baijiahao.baidu.com/s?id=1611932104897190552
"如果贷款买的新房遭受天灾损毁,那房贷还该继续偿还么?",https://baijiahao.baidu.com/s?id=1611479796080269259
房贷真相!这样贷款买房等于给自己赚钱!,https://baijiahao.baidu.com/s?id=1617519213710422909
"杭州房贷利率全面松动!首套房贷款200万按揭20年,少付7万利息",https://baijiahao.baidu.com/s?id=1617343066827655322
"买了一套100万的房子,交不起房贷该怎么办?",https://baijiahao.baidu.com/s?id=1615821582375423878
"房贷一旦供断了,房子会不会被收走呢?",https://baijiahao.baidu.com/s?id=1615550781584415323
2018年下半年怎么才能拿到低房贷利率?那只能放这5个大招了!,https://baijiahao.baidu.com/s?id=1611932104897190552
"如果贷款买的新房遭受天灾损毁,那房贷还该继续偿还么?",https://baijiahao.baidu.com/s?id=1611479796080269259
房贷真相!这样贷款买房等于给自己赚钱!,https://baijiahao.baidu.com/s?id=1617519213710422909
"杭州房贷利率全面松动!首套房贷款200万按揭20年,少付7万利息",https://baijiahao.baidu.com/s?id=1617343066827655322
"买了一套100万的房子,交不起房贷该怎么办?",https://baijiahao.baidu.com/s?id=1615821582375423878
"房贷一旦供断了,房子会不会被收走呢?",https://baijiahao.baidu.com/s?id=1615550781584415323
2018年下半年怎么才能拿到低房贷利率?那只能放这5个大招了!,https://baijiahao.baidu.com/s?id=1611932104897190552
"如果贷款买的新房遭受天灾损毁,那房贷还该继续偿还么?",https://baijiahao.baidu.com/s?id=1611479796080269259
房贷真相!这样贷款买房等于给自己赚钱!,https://baijiahao.baidu.com/s?id=1617519213710422909
"杭州房贷利率全面松动!首套房贷款200万按揭20年,少付7万利息",https://baijiahao.baidu.com/s?id=1617343066827655322
"买了一套100万的房子,交不起房贷该怎么办?",https://baijiahao.baidu.com/s?id=1615821582375423878
"房贷一旦供断了,房子会不会被收走呢?",https://baijiahao.baidu.com/s?id=1615550781584415323
2018年下半年怎么才能拿到低房贷利率?那只能放这5个大招了!,https://baijiahao.baidu.com/s?id=1611932104897190552
"如果贷款买的新房遭受天灾损毁,那房贷还该继续偿还么?",https://baijiahao.baidu.com/s?id=1611479796080269259
房贷真相!这样贷款买房等于给自己赚钱!,https://baijiahao.baidu.com/s?id=1617519213710422909
"杭州房贷利率全面松动!首套房贷款200万按揭20年,少付7万利息",https://baijiahao.baidu.com/s?id=1617343066827655322
"买了一套100万的房子,交不起房贷该怎么办?",https://baijiahao.baidu.com/s?id=1615821582375423878
"房贷一旦供断了,房子会不会被收走呢?",https://baijiahao.baidu.com/s?id=1615550781584415323
2018年下半年怎么才能拿到低房贷利率?那只能放这5个大招了!,https://baijiahao.baidu.com/s?id=1611932104897190552
"如果贷款买的新房遭受天灾损毁,那房贷还该继续偿还么?",https://baijiahao.baidu.com/s?id=1611479796080269259
房贷真相!这样贷款买房等于给自己赚钱!,https://baijiahao.baidu.com/s?id=1617519213710422909
"杭州房贷利率全面松动!首套房贷款200万按揭20年,少付7万利息",https://baijiahao.baidu.com/s?id=1617343066827655322
"买了一套100万的房子,交不起房贷该怎么办?",https://baijiahao.baidu.com/s?id=1615821582375423878
"房贷一旦供断了,房子会不会被收走呢?",https://baijiahao.baidu.com/s?id=1615550781584415323
2018年下半年怎么才能拿到低房贷利率?那只能放这5个大招了!,https://baijiahao.baidu.com/s?id=1611932104897190552
"如果贷款买的新房遭受天灾损毁,那房贷还该继续偿还么?",https://baijiahao.baidu.com/s?id=1611479796080269259
房贷真相!这样贷款买房等于给自己赚钱!,https://baijiahao.baidu.com/s?id=1617519213710422909
"杭州房贷利率全面松动!首套房贷款200万按揭20年,少付7万利息",https://baijiahao.baidu.com/s?id=1617343066827655322
"买了一套100万的房子,交不起房贷该怎么办?",https://baijiahao.baidu.com/s?id=1615821582375423878
"房贷一旦供断了,房子会不会被收走呢?",https://baijiahao.baidu.com/s?id=1615550781584415323
2018年下半年怎么才能拿到低房贷利率?那只能放这5个大招了!,https://baijiahao.baidu.com/s?id=1611932104897190552
"如果贷款买的新房遭受天灾损毁,那房贷还该继续偿还么?",https://baijiahao.baidu.com/s?id=1611479796080269259
房贷真相!这样贷款买房等于给自己赚钱!,https://baijiahao.baidu.com/s?id=1617519213710422909
"杭州房贷利率全面松动!首套房贷款200万按揭20年,少付7万利息",https://baijiahao.baidu.com/s?id=1617343066827655322
"买了一套100万的房子,交不起房贷该怎么办?",https://baijiahao.baidu.com/s?id=1615821582375423878
"房贷一旦供断了,房子会不会被收走呢?",https://baijiahao.baidu.com/s?id=1615550781584415323
2018年下半年怎么才能拿到低房贷利率?那只能放这5个大招了!,https://baijiahao.baidu.com/s?id=1611932104897190552
"如果贷款买的新房遭受天灾损毁,那房贷还该继续偿还么?",https://baijiahao.baidu.com/s?id=1611479796080269259
房贷真相!这样贷款买房等于给自己赚钱!,https://baijiahao.baidu.com/s?id=1617519213710422909
"杭州房贷利率全面松动!首套房贷款200万按揭20年,少付7万利息",https://baijiahao.baidu.com/s?id=1617343066827655322
"买了一套100万的房子,交不起房贷该怎么办?",https://baijiahao.baidu.com/s?id=1615821582375423878
"房贷一旦供断了,房子会不会被收走呢?",https://baijiahao.baidu.com/s?id=1615550781584415323
2018年下半年怎么才能拿到低房贷利率?那只能放这5个大招了!,https://baijiahao.baidu.com/s?id=1611932104897190552
"如果贷款买的新房遭受天灾损毁,那房贷还该继续偿还么?",https://baijiahao.baidu.com/s?id=1611479796080269259
房贷真相!这样贷款买房等于给自己赚钱!,https://baijiahao.baidu.com/s?id=1617519213710422909
"杭州房贷利率全面松动!首套房贷款200万按揭20年,少付7万利息",https://baijiahao.baidu.com/s?id=1617343066827655322
"买了一套100万的房子,交不起房贷该怎么办?",https://baijiahao.baidu.com/s?id=1615821582375423878
"房贷一旦供断了,房子会不会被收走呢?",https://baijiahao.baidu.com/s?id=1615550781584415323
2018年下半年怎么才能拿到低房贷利率?那只能放这5个大招了!,https://baijiahao.baidu.com/s?id=1611932104897190552
"如果贷款买的新房遭受天灾损毁,那房贷还该继续偿还么?",https://baijiahao.baidu.com/s?id=1611479796080269259
房贷真相!这样贷款买房等于给自己赚钱!,https://baijiahao.baidu.com/s?id=1617519213710422909
"杭州房贷利率全面松动!首套房贷款200万按揭20年,少付7万利息",https://baijiahao.baidu.com/s?id=1617343066827655322
"买了一套100万的房子,交不起房贷该怎么办?",https://baijiahao.baidu.com/s?id=1615821582375423878
"房贷一旦供断了,房子会不会被收走呢?",https://baijiahao.baidu.com/s?id=1615550781584415323
2018年下半年怎么才能拿到低房贷利率?那只能放这5个大招了!,https://baijiahao.baidu.com/s?id=1611932104897190552
"如果贷款买的新房遭受天灾损毁,那房贷还该继续偿还么?",https://baijiahao.baidu.com/s?id=1611479796080269259
房贷真相!这样贷款买房等于给自己赚钱!,https://baijiahao.baidu.com/s?id=1617519213710422909
"杭州房贷利率全面松动!首套房贷款200万按揭20年,少付7万利息",https://baijiahao.baidu.com/s?id=1617343066827655322
"买了一套100万的房子,交不起房贷该怎么办?",https://baijiahao.baidu.com/s?id=1615821582375423878
"房贷一旦供断了,房子会不会被收走呢?",https://baijiahao.baidu.com/s?id=1615550781584415323
2018年下半年怎么才能拿到低房贷利率?那只能放这5个大招了!,https://baijiahao.baidu.com/s?id=1611932104897190552
"如果贷款买的新房遭受天灾损毁,那房贷还该继续偿还么?",https://baijiahao.baidu.com/s?id=1611479796080269259
房贷真相!这样贷款买房等于给自己赚钱!,https://baijiahao.baidu.com/s?id=1617519213710422909
"杭州房贷利率全面松动!首套房贷款200万按揭20年,少付7万利息",https://baijiahao.baidu.com/s?id=1617343066827655322
"买了一套100万的房子,交不起房贷该怎么办?",https://baijiahao.baidu.com/s?id=1615821582375423878
"房贷一旦供断了,房子会不会被收走呢?",https://baijiahao.baidu.com/s?id=1615550781584415323
2018年下半年怎么才能拿到低房贷利率?那只能放这5个大招了!,https://baijiahao.baidu.com/s?id=1611932104897190552
"如果贷款买的新房遭受天灾损毁,那房贷还该继续偿还么?",https://baijiahao.baidu.com/s?id=1611479796080269259
房贷真相!这样贷款买房等于给自己赚钱!,https://baijiahao.baidu.com/s?id=1617519213710422909
"杭州房贷利率全面松动!首套房贷款200万按揭20年,少付7万利息",https://baijiahao.baidu.com/s?id=1617343066827655322
"买了一套100万的房子,交不起房贷该怎么办?",https://baijiahao.baidu.com/s?id=1615821582375423878
"房贷一旦供断了,房子会不会被收走呢?",https://baijiahao.baidu.com/s?id=1615550781584415323
2018年下半年怎么才能拿到低房贷利率?那只能放这5个大招了!,https://baijiahao.baidu.com/s?id=1611932104897190552
"如果贷款买的新房遭受天灾损毁,那房贷还该继续偿还么?",https://baijiahao.baidu.com/s?id=1611479796080269259
房贷真相!这样贷款买房等于给自己赚钱!,https://baijiahao.baidu.com/s?id=1617519213710422909
"杭州房贷利率全面松动!首套房贷款200万按揭20年,少付7万利息",https://baijiahao.baidu.com/s?id=1617343066827655322
"买了一套100万的房子,交不起房贷该怎么办?",https://baijiahao.baidu.com/s?id=1615821582375423878
"房贷一旦供断了,房子会不会被收走呢?",https://baijiahao.baidu.com/s?id=1615550781584415323
2018年下半年怎么才能拿到低房贷利率?那只能放这5个大招了!,https://baijiahao.baidu.com/s?id=1611932104897190552
"如果贷款买的新房遭受天灾损毁,那房贷还该继续偿还么?",https://baijiahao.baidu.com/s?id=1611479796080269259
房贷真相!这样贷款买房等于给自己赚钱!,https://baijiahao.baidu.com/s?id=1617519213710422909
"杭州房贷利率全面松动!首套房贷款200万按揭20年,少付7万利息",https://baijiahao.baidu.com/s?id=1617343066827655322
"买了一套100万的房子,交不起房贷该怎么办?",https://baijiahao.baidu.com/s?id=1615821582375423878
"房贷一旦供断了,房子会不会被收走呢?",https://baijiahao.baidu.com/s?id=1615550781584415323
2018年下半年怎么才能拿到低房贷利率?那只能放这5个大招了!,https://baijiahao.baidu.com/s?id=1611932104897190552
"如果贷款买的新房遭受天灾损毁,那房贷还该继续偿还么?",https://baijiahao.baidu.com/s?id=1611479796080269259
房贷真相!这样贷款买房等于给自己赚钱!,https://baijiahao.baidu.com/s?id=1617519213710422909
"杭州房贷利率全面松动!首套房贷款200万按揭20年,少付7万利息",https://baijiahao.baidu.com/s?id=1617343066827655322
"买了一套100万的房子,交不起房贷该怎么办?",https://baijiahao.baidu.com/s?id=1615821582375423878
"房贷一旦供断了,房子会不会被收走呢?",https://baijiahao.baidu.com/s?id=1615550781584415323
2018年下半年怎么才能拿到低房贷利率?那只能放这5个大招了!,https://baijiahao.baidu.com/s?id=1611932104897190552
"如果贷款买的新房遭受天灾损毁,那房贷还该继续偿还么?",https://baijiahao.baidu.com/s?id=1611479796080269259
房贷真相!这样贷款买房等于给自己赚钱!,https://baijiahao.baidu.com/s?id=1617519213710422909
"杭州房贷利率全面松动!首套房贷款200万按揭20年,少付7万利息",https://baijiahao.baidu.com/s?id=1617343066827655322
"买了一套100万的房子,交不起房贷该怎么办?",https://baijiahao.baidu.com/s?id=1615821582375423878
"房贷一旦供断了,房子会不会被收走呢?",https://baijiahao.baidu.com/s?id=1615550781584415323
2018年下半年怎么才能拿到低房贷利率?那只能放这5个大招了!,https://baijiahao.baidu.com/s?id=1611932104897190552
"如果贷款买的新房遭受天灾损毁,那房贷还该继续偿还么?",https://baijiahao.baidu.com/s?id=1611479796080269259
房贷真相!这样贷款买房等于给自己赚钱!,https://baijiahao.baidu.com/s?id=1617519213710422909
"杭州房贷利率全面松动!首套房贷款200万按揭20年,少付7万利息",https://baijiahao.baidu.com/s?id=1617343066827655322
"买了一套100万的房子,交不起房贷该怎么办?",https://baijiahao.baidu.com/s?id=1615821582375423878
"房贷一旦供断了,房子会不会被收走呢?",https://baijiahao.baidu.com/s?id=1615550781584415323
2018年下半年怎么才能拿到低房贷利率?那只能放这5个大招了!,https://baijiahao.baidu.com/s?id=1611932104897190552
"如果贷款买的新房遭受天灾损毁,那房贷还该继续偿还么?",https://baijiahao.baidu.com/s?id=1611479796080269259
房贷真相!这样贷款买房等于给自己赚钱!,https://baijiahao.baidu.com/s?id=1617519213710422909
"杭州房贷利率全面松动!首套房贷款200万按揭20年,少付7万利息",https://baijiahao.baidu.com/s?id=1617343066827655322
"买了一套100万的房子,交不起房贷该怎么办?",https://baijiahao.baidu.com/s?id=1615821582375423878
"房贷一旦供断了,房子会不会被收走呢?",https://baijiahao.baidu.com/s?id=1615550781584415323
2018年下半年怎么才能拿到低房贷利率?那只能放这5个大招了!,https://baijiahao.baidu.com/s?id=1611932104897190552
"如果贷款买的新房遭受天灾损毁,那房贷还该继续偿还么?",https://baijiahao.baidu.com/s?id=1611479796080269259
房贷真相!这样贷款买房等于给自己赚钱!,https://baijiahao.baidu.com/s?id=1617519213710422909
"杭州房贷利率全面松动!首套房贷款200万按揭20年,少付7万利息",https://baijiahao.baidu.com/s?id=1617343066827655322
"买了一套100万的房子,交不起房贷该怎么办?",https://baijiahao.baidu.com/s?id=1615821582375423878
"房贷一旦供断了,房子会不会被收走呢?",https://baijiahao.baidu.com/s?id=1615550781584415323
2018年下半年怎么才能拿到低房贷利率?那只能放这5个大招了!,https://baijiahao.baidu.com/s?id=1611932104897190552
"如果贷款买的新房遭受天灾损毁,那房贷还该继续偿还么?",https://baijiahao.baidu.com/s?id=1611479796080269259
房贷真相!这样贷款买房等于给自己赚钱!,https://baijiahao.baidu.com/s?id=1617519213710422909
"杭州房贷利率全面松动!首套房贷款200万按揭20年,少付7万利息",https://baijiahao.baidu.com/s?id=1617343066827655322
"买了一套100万的房子,交不起房贷该怎么办?",https://baijiahao.baidu.com/s?id=1615821582375423878
"房贷一旦供断了,房子会不会被收走呢?",https://baijiahao.baidu.com/s?id=1615550781584415323
2018年下半年怎么才能拿到低房贷利率?那只能放这5个大招了!,https://baijiahao.baidu.com/s?id=1611932104897190552
"如果贷款买的新房遭受天灾损毁,那房贷还该继续偿还么?",https://baijiahao.baidu.com/s?id=1611479796080269259
房贷真相!这样贷款买房等于给自己赚钱!,https://baijiahao.baidu.com/s?id=1617519213710422909
"杭州房贷利率全面松动!首套房贷款200万按揭20年,少付7万利息",https://baijiahao.baidu.com/s?id=1617343066827655322
"买了一套100万的房子,交不起房贷该怎么办?",https://baijiahao.baidu.com/s?id=1615821582375423878
"房贷一旦供断了,房子会不会被收走呢?",https://baijiahao.baidu.com/s?id=1615550781584415323
2018年下半年怎么才能拿到低房贷利率?那只能放这5个大招了!,https://baijiahao.baidu.com/s?id=1611932104897190552
"如果贷款买的新房遭受天灾损毁,那房贷还该继续偿还么?",https://baijiahao.baidu.com/s?id=1611479796080269259
房贷真相!这样贷款买房等于给自己赚钱!,https://baijiahao.baidu.com/s?id=1617519213710422909
"杭州房贷利率全面松动!首套房贷款200万按揭20年,少付7万利息",https://baijiahao.baidu.com/s?id=1617343066827655322
"买了一套100万的房子,交不起房贷该怎么办?",https://baijiahao.baidu.com/s?id=1615821582375423878
"房贷一旦供断了,房子会不会被收走呢?",https://baijiahao.baidu.com/s?id=1615550781584415323
2018年下半年怎么才能拿到低房贷利率?那只能放这5个大招了!,https://baijiahao.baidu.com/s?id=1611932104897190552
"如果贷款买的新房遭受天灾损毁,那房贷还该继续偿还么?",https://baijiahao.baidu.com/s?id=1611479796080269259
房贷真相!这样贷款买房等于给自己赚钱!,https://baijiahao.baidu.com/s?id=1617519213710422909
"杭州房贷利率全面松动!首套房贷款200万按揭20年,少付7万利息",https://baijiahao.baidu.com/s?id=1617343066827655322
"买了一套100万的房子,交不起房贷该怎么办?",https://baijiahao.baidu.com/s?id=1615821582375423878
"房贷一旦供断了,房子会不会被收走呢?",https://baijiahao.baidu.com/s?id=1615550781584415323
2018年下半年怎么才能拿到低房贷利率?那只能放这5个大招了!,https://baijiahao.baidu.com/s?id=1611932104897190552
"如果贷款买的新房遭受天灾损毁,那房贷还该继续偿还么?",https://baijiahao.baidu.com/s?id=1611479796080269259
房贷真相!这样贷款买房等于给自己赚钱!,https://baijiahao.baidu.com/s?id=1617519213710422909
"杭州房贷利率全面松动!首套房贷款200万按揭20年,少付7万利息",https://baijiahao.baidu.com/s?id=1617343066827655322
"买了一套100万的房子,交不起房贷该怎么办?",https://baijiahao.baidu.com/s?id=1615821582375423878
"房贷一旦供断了,房子会不会被收走呢?",https://baijiahao.baidu.com/s?id=1615550781584415323
2018年下半年怎么才能拿到低房贷利率?那只能放这5个大招了!,https://baijiahao.baidu.com/s?id=1611932104897190552
"如果贷款买的新房遭受天灾损毁,那房贷还该继续偿还么?",https://baijiahao.baidu.com/s?id=1611479796080269259
房贷真相!这样贷款买房等于给自己赚钱!,https://baijiahao.baidu.com/s?id=1617519213710422909
"杭州房贷利率全面松动!首套房贷款200万按揭20年,少付7万利息",https://baijiahao.baidu.com/s?id=1617343066827655322
"买了一套100万的房子,交不起房贷该怎么办?",https://baijiahao.baidu.com/s?id=1615821582375423878
"房贷一旦供断了,房子会不会被收走呢?",https://baijiahao.baidu.com/s?id=1615550781584415323
2018年下半年怎么才能拿到低房贷利率?那只能放这5个大招了!,https://baijiahao.baidu.com/s?id=1611932104897190552
"如果贷款买的新房遭受天灾损毁,那房贷还该继续偿还么?",https://baijiahao.baidu.com/s?id=1611479796080269259
房贷真相!这样贷款买房等于给自己赚钱!,https://baijiahao.baidu.com/s?id=1617519213710422909
"杭州房贷利率全面松动!首套房贷款200万按揭20年,少付7万利息",https://baijiahao.baidu.com/s?id=1617343066827655322
"买了一套100万的房子,交不起房贷该怎么办?",https://baijiahao.baidu.com/s?id=1615821582375423878
"房贷一旦供断了,房子会不会被收走呢?",https://baijiahao.baidu.com/s?id=1615550781584415323
2018年下半年怎么才能拿到低房贷利率?那只能放这5个大招了!,https://baijiahao.baidu.com/s?id=1611932104897190552
"如果贷款买的新房遭受天灾损毁,那房贷还该继续偿还么?",https://baijiahao.baidu.com/s?id=1611479796080269259
房贷真相!这样贷款买房等于给自己赚钱!,https://baijiahao.baidu.com/s?id=1617519213710422909
"杭州房贷利率全面松动!首套房贷款200万按揭20年,少付7万利息",https://baijiahao.baidu.com/s?id=1617343066827655322
"买了一套100万的房子,交不起房贷该怎么办?",https://baijiahao.baidu.com/s?id=1615821582375423878
"房贷一旦供断了,房子会不会被收走呢?",https://baijiahao.baidu.com/s?id=1615550781584415323
2018年下半年怎么才能拿到低房贷利率?那只能放这5个大招了!,https://baijiahao.baidu.com/s?id=1611932104897190552
"如果贷款买的新房遭受天灾损毁,那房贷还该继续偿还么?",https://baijiahao.baidu.com/s?id=1611479796080269259
房贷真相!这样贷款买房等于给自己赚钱!,https://baijiahao.baidu.com/s?id=1617519213710422909
"杭州房贷利率全面松动!首套房贷款200万按揭20年,少付7万利息",https://baijiahao.baidu.com/s?id=1617343066827655322
"买了一套100万的房子,交不起房贷该怎么办?",https://baijiahao.baidu.com/s?id=1615821582375423878
"房贷一旦供断了,房子会不会被收走呢?",https://baijiahao.baidu.com/s?id=1615550781584415323
2018年下半年怎么才能拿到低房贷利率?那只能放这5个大招了!,https://baijiahao.baidu.com/s?id=1611932104897190552
"如果贷款买的新房遭受天灾损毁,那房贷还该继续偿还么?",https://baijiahao.baidu.com/s?id=1611479796080269259
房贷真相!这样贷款买房等于给自己赚钱!,https://baijiahao.baidu.com/s?id=1617519213710422909
"杭州房贷利率全面松动!首套房贷款200万按揭20年,少付7万利息",https://baijiahao.baidu.com/s?id=1617343066827655322
"买了一套100万的房子,交不起房贷该怎么办?",https://baijiahao.baidu.com/s?id=1615821582375423878
"房贷一旦供断了,房子会不会被收走呢?",https://baijiahao.baidu.com/s?id=1615550781584415323
2018年下半年怎么才能拿到低房贷利率?那只能放这5个大招了!,https://baijiahao.baidu.com/s?id=1611932104897190552
"如果贷款买的新房遭受天灾损毁,那房贷还该继续偿还么?",https://baijiahao.baidu.com/s?id=1611479796080269259
房贷真相!这样贷款买房等于给自己赚钱!,https://baijiahao.baidu.com/s?id=1617519213710422909
"杭州房贷利率全面松动!首套房贷款200万按揭20年,少付7万利息",https://baijiahao.baidu.com/s?id=1617343066827655322
"买了一套100万的房子,交不起房贷该怎么办?",https://baijiahao.baidu.com/s?id=1615821582375423878
"房贷一旦供断了,房子会不会被收走呢?",https://baijiahao.baidu.com/s?id=1615550781584415323
2018年下半年怎么才能拿到低房贷利率?那只能放这5个大招了!,https://baijiahao.baidu.com/s?id=1611932104897190552
"如果贷款买的新房遭受天灾损毁,那房贷还该继续偿还么?",https://baijiahao.baidu.com/s?id=1611479796080269259
房贷真相!这样贷款买房等于给自己赚钱!,https://baijiahao.baidu.com/s?id=1617519213710422909
"杭州房贷利率全面松动!首套房贷款200万按揭20年,少付7万利息",https://baijiahao.baidu.com/s?id=1617343066827655322
"买了一套100万的房子,交不起房贷该怎么办?",https://baijiahao.baidu.com/s?id=1615821582375423878
"房贷一旦供断了,房子会不会被收走呢?",https://baijiahao.baidu.com/s?id=1615550781584415323
2018年下半年怎么才能拿到低房贷利率?那只能放这5个大招了!,https://baijiahao.baidu.com/s?id=1611932104897190552
"如果贷款买的新房遭受天灾损毁,那房贷还该继续偿还么?",https://baijiahao.baidu.com/s?id=1611479796080269259
房贷真相!这样贷款买房等于给自己赚钱!,https://baijiahao.baidu.com/s?id=1617519213710422909
"杭州房贷利率全面松动!首套房贷款200万按揭20年,少付7万利息",https://baijiahao.baidu.com/s?id=1617343066827655322
"买了一套100万的房子,交不起房贷该怎么办?",https://baijiahao.baidu.com/s?id=1615821582375423878
"房贷一旦供断了,房子会不会被收走呢?",https://baijiahao.baidu.com/s?id=1615550781584415323
2018年下半年怎么才能拿到低房贷利率?那只能放这5个大招了!,https://baijiahao.baidu.com/s?id=1611932104897190552
"如果贷款买的新房遭受天灾损毁,那房贷还该继续偿还么?",https://baijiahao.baidu.com/s?id=1611479796080269259
房贷真相!这样贷款买房等于给自己赚钱!,https://baijiahao.baidu.com/s?id=1617519213710422909
"杭州房贷利率全面松动!首套房贷款200万按揭20年,少付7万利息",https://baijiahao.baidu.com/s?id=1617343066827655322
"买了一套100万的房子,交不起房贷该怎么办?",https://baijiahao.baidu.com/s?id=1615821582375423878
"房贷一旦供断了,房子会不会被收走呢?",https://baijiahao.baidu.com/s?id=1615550781584415323
2018年下半年怎么才能拿到低房贷利率?那只能放这5个大招了!,https://baijiahao.baidu.com/s?id=1611932104897190552
"如果贷款买的新房遭受天灾损毁,那房贷还该继续偿还么?",https://baijiahao.baidu.com/s?id=1611479796080269259
房贷真相!这样贷款买房等于给自己赚钱!,https://baijiahao.baidu.com/s?id=1617519213710422909
"杭州房贷利率全面松动!首套房贷款200万按揭20年,少付7万利息",https://baijiahao.baidu.com/s?id=1617343066827655322
"买了一套100万的房子,交不起房贷该怎么办?",https://baijiahao.baidu.com/s?id=1615821582375423878
"房贷一旦供断了,房子会不会被收走呢?",https://baijiahao.baidu.com/s?id=1615550781584415323
2018年下半年怎么才能拿到低房贷利率?那只能放这5个大招了!,https://baijiahao.baidu.com/s?id=1611932104897190552
"如果贷款买的新房遭受天灾损毁,那房贷还该继续偿还么?",https://baijiahao.baidu.com/s?id=1611479796080269259
房贷真相!这样贷款买房等于给自己赚钱!,https://baijiahao.baidu.com/s?id=1617519213710422909
"杭州房贷利率全面松动!首套房贷款200万按揭20年,少付7万利息",https://baijiahao.baidu.com/s?id=1617343066827655322
"买了一套100万的房子,交不起房贷该怎么办?",https://baijiahao.baidu.com/s?id=1615821582375423878
"房贷一旦供断了,房子会不会被收走呢?",https://baijiahao.baidu.com/s?id=1615550781584415323
2018年下半年怎么才能拿到低房贷利率?那只能放这5个大招了!,https://baijiahao.baidu.com/s?id=1611932104897190552
"如果贷款买的新房遭受天灾损毁,那房贷还该继续偿还么?",https://baijiahao.baidu.com/s?id=1611479796080269259
"还剩最后俩月,你的房贷利率转换了吗?",https://baijiahao.baidu.com/s?id=1670735252501309583
"壹点问法|前女友以我名义买房,分手后她不还房贷,我该怎么办?",https://baijiahao.baidu.com/s?id=1670818352443765624
黑猫投诉:租房贷青客未如期归还华瑞房贷导致个人征信失信,"https://news.sina.cn/2020-06-29/detail-iirczymk9562264.d.html?vt=4"""
"官方回应银行将获券商牌照,网友热议:看来未来靠房贷得日子快活不...","https://voice.hupu.com/other/2598036.html"""
比房贷还低湖南银行业消费贷“价格战”兴起,"http://money.rednet.cn/content/2020/06/29/7581848.html"""
"如果人去坐牢了,不能还房贷,房子最后会怎么处理?看完你就知道了","https://3g.163.com/news/article/FG9IR363054454N5.html"""
"央行新规还剩最后两个月,30年房贷这么还,能省好几万",https://baijiahao.baidu.com/s?id=1670820302946735191
现在申请房贷很难吗?为什么总是有些人被拒?可能是踩了三条红线,"https://3g.163.com/news/article/FG7Q10J30519QUDK.html"""
"忽悠房贷继续降息的“专家们”打脸,央行连续两月给出实际答案",https://baijiahao.baidu.com/s?id=1670838967541932830
